{"position":{"x":-0.6993332505226135,"y":-0.8008323311805725,"z":0.0}}